{"name":"untitled","x":0,"y":0,"width":1920,"height":1080,"theme":"Default Light","elements":[{"id":0,"type":1,"name":"Aim","event":"","x":170,"y":20,"width":40,"height":40,"rotation":0,"text":"Aim","asset":"Aim.png","progress_at":0,"progress_total":100,"strength":1,"alignment":0,"anchor":4,"parent":null,"children":[],"visible":true},{"id":1,"type":1,"name":"Pistol","event":"","x":-20,"y":-20,"width":150,"height":100,"rotation":0,"text":"Pistol","asset":"Pistol.png","progress_at":0,"progress_total":100,"strength":1,"alignment":0,"anchor":8,"parent":null,"children":[],"visible":true},{"id":2,"type":0,"name":"PistolAmmoCount","event":"","x":-160,"y":-60,"width":150,"height":40,"rotation":0,"text":"15 / 15","asset":"","progress_at":0,"progress_total":100,"strength":1,"alignment":0,"anchor":8,"parent":null,"children":[],"visible":true,"color_text":-3026479},{"id":3,"type":1,"name":"Ammo","event":"","x":-380,"y":-20,"width":160,"height":110,"rotation":0,"text":"Ammo","asset":"Ammo.png","progress_at":0,"progress_total":100,"strength":1,"alignment":0,"anchor":8,"parent":null,"children":[],"visible":true},{"id":4,"type":0,"name":"AmmoBoxCount","event":"","x":-540,"y":-60,"width":80,"height":48,"rotation":0,"text":"0","asset":"","progress_at":0,"progress_total":100,"strength":1,"alignment":0,"anchor":8,"parent":null,"children":[],"visible":true,"color_text":-3092272},{"id":5,"type":1,"name":"Photo","event":"","x":40,"y":-20,"width":100,"height":100,"rotation":0,"text":"Photo","asset":"Photo.png","progress_at":0,"progress_total":100,"strength":1,"alignment":1,"anchor":6,"parent":null,"children":[],"visible":true},{"id":6,"type":1,"name":"Heart1","event":"","x":160,"y":-40,"width":60,"height":50,"rotation":0,"text":"My Image","asset":"heart-full.png","progress_at":0,"progress_total":100,"strength":1,"alignment":0,"anchor":6,"parent":null,"children":[],"visible":true},{"id":7,"type":1,"name":"Heart2","event":"","x":240,"y":-40,"width":60,"height":50,"rotation":0,"text":"Heart2","asset":"heart-full.png","progress_at":0,"progress_total":100,"strength":1,"anchor":6,"parent":null,"children":[],"visible":true},{"id":8,"type":1,"name":"Heart3","event":"","x":320,"y":-40,"width":60,"height":50,"rotation":0,"text":"Heart3","asset":"heart-full.png","progress_at":0,"progress_total":100,"strength":1,"anchor":6,"parent":null,"children":[],"visible":true},{"id":9,"type":0,"name":"ActionText","event":"","x":40,"y":80,"width":1540,"height":80,"rotation":0,"text":"[E] To open/close door","asset":"Roboto-Regular.ttf","progress_at":0,"progress_total":100,"strength":1,"alignment":1,"anchor":4,"parent":null,"children":[],"visible":false,"color_text":-3092272},{"id":10,"type":1,"name":"HuggyPhoto","event":"","x":-60,"y":20,"width":80,"height":80,"rotation":0,"text":"HuggyPhoto","asset":"HuggyPhoto.png","progress_at":0,"progress_total":100,"strength":1,"alignment":0,"anchor":2,"parent":null,"children":[],"visible":true},{"id":11,"type":0,"name":"HuggyKill","event":"","x":-140,"y":20,"width":100,"height":60,"rotation":0,"text":"0","asset":"","progress_at":0,"progress_total":100,"strength":1,"alignment":1,"anchor":2,"parent":null,"children":[],"visible":true,"color_text":-3026479},{"id":12,"type":1,"name":"GameOver","event":"","x":40,"y":-20,"width":800,"height":500,"rotation":0,"text":"My Image","asset":"GameOver.png","progress_at":0,"progress_total":100,"strength":1,"alignment":0,"anchor":4,"parent":null,"children":[],"visible":false},{"id":14,"type":1,"name":"KeyImage","event":"","x":0,"y":-40,"width":140,"height":80,"rotation":0,"text":"KeyImage","asset":"Key.png","progress_at":0,"progress_total":100,"strength":1,"alignment":0,"anchor":7,"parent":null,"children":[],"visible":false},{"id":15,"type":1,"name":"WinImage","event":"","x":20,"y":-60,"width":1020,"height":660,"rotation":0,"text":"My Image","asset":"Win.png","progress_at":0,"progress_total":100,"strength":1,"alignment":0,"anchor":4,"parent":null,"children":[],"visible":false}],"assets":[{"name":"Aim.png","file":"../../Art/Policeman/Aim.png","id":0},{"name":"Pistol.png","file":"../../Art/Policeman/Pistol.png","id":1},{"name":"Ammo.png","file":"../../Art/Policeman/Ammo.png","id":2},{"name":"Photo.png","file":"../../Art/Policeman/Photo.png","id":3},{"name":"heart-empty.png","file":"../../Art/Policeman/heart-empty.png","id":4},{"name":"heart-full.png","file":"../../Art/Policeman/heart-full.png","id":5},{"name":"Roboto-Regular.ttf","file":"../../Art/Roboto-Regular.ttf","id":6},{"name":"HuggyPhoto.png","file":"../../Art/Huggy/HuggyPhoto.png","id":7},{"name":"GameOver.png","file":"../../Art/GameOver.png","id":8},{"name":"Key.png","file":"../../Art/Key.png","id":9},{"name":"Win.png","file":"../../Art/Win.png","id":10}]}