{"name":"untitled","x":0,"y":0,"width":1920,"height":1080,"theme":"Default Light","elements":[{"id":1,"type":1,"name":"StoryImage","event":"","x":0,"y":0,"width":920,"height":980,"rotation":0,"text":"My Image","asset":"story.png","progress_at":0,"progress_total":100,"strength":1,"alignment":1,"anchor":4,"parent":null,"children":[],"visible":false},{"id":3,"type":1,"name":"StartButton","event":"","x":40,"y":-60,"width":600,"height":60,"rotation":0,"text":"My Image","asset":"StartGame.png","progress_at":0,"progress_total":100,"strength":1,"alignment":0,"anchor":7,"parent":null,"children":[],"visible":true},{"id":5,"type":1,"name":"LoadingText","event":"","x":0,"y":-60,"width":640,"height":100,"rotation":0,"text":"My Image","asset":"Loading.png","progress_at":0,"progress_total":100,"strength":1,"alignment":0,"anchor":7,"parent":null,"children":[],"visible":false}],"assets":[{"name":"Roboto-Regular.ttf","file":"../../Art/Roboto-Regular.ttf","id":0},{"name":"story.png","file":"../../Art/story.png","id":1},{"name":"StartGame.png","file":"../../Art/StartGame.png","id":2},{"name":"Loading.png","file":"../../Art/Loading.png","id":3}]}